Is_All_Star,MIN,PTS,FGM,FGA,FTM,FTA,TOV
All Star,35.0089552238806,19.87462686567164,7.217910447761194,15.159701492537314,4.343283582089552,5.394029850746269,2.511940298507463
Regular,25.665985401459853,10.414890510948903,3.936496350364963,8.645547445255476,1.772262773722628,2.3421897810218972,1.4240875912408757
