Is_All_Star,Counts,Percent
All Star,67,8.909574468085106
Regular,685,91.09042553191489
